{
  "Q1": {
    "nodule_A": {
      "x": 0.7494357372745953,
      "y": 79.43980476271271,
      "z": 0.0
    },
    "nodule_B": {
      "x": 1.1204090104940643,
      "y": 82.19529018897214,
      "z": 0.0
    }
  },
  "Q2": {
    "center": {
      "x": 20.234232400384048,
      "y": 19.8464087356216,
      "z": -103.45604566219194
    },
    "radius": 7.52146276082743,
    "residual": 0.22598723893925204
  },
  "Q3": {
    "target": {
      "x": 100.0,
      "y": 50.0,
      "z": -100.0
    },
    "formula": "t(x) = 2*sqrt((x-100)^2 + 12500) / 1500",
    "min_echo_time_ms": 149.07335372199404,
    "min_echo_x": 99.39879759519039,
    "min_distance_m": 111.80501529149554,
    "symmetry_axis": 100.0
  },
  "Q4": {
    "target": {
      "x": 100.0,
      "y": 50.0,
      "z": -100.0
    },
    "formula": "t(x,y) = 2*sqrt((x-100)^2 + (y-50)^2 + 10000) / 1500",
    "min_time_ms": 133.3438545380487,
    "max_time_ms": 359.0109871423003,
    "gradient_path_steps": 101,
    "gradient终点": {
      "x": -49.51511185371209,
      "y": -49.676741235808
    }
  }
}